attendance_id;student_id;course_id;attendance_date;status
1;38;312;17.10.2021;Present
2;51;751;22.03.2024;Absent
3;155;692;10.01.2021;Present
4;86;487;17.07.2023;Absent
5;149;174;02.05.2019;Present
6;194;359;13.10.2023;Present
7;344;200;20.07.2023;Present
8;266;16;09.12.2021;Present
9;19;223;15.06.2021;Present
10;75;10;09.09.2022;Present
11;17;544;07.11.2020;Absent
12;300;593;13.07.2024;Absent
13;145;646;15.05.2019;Present
14;315;758;25.07.2024;Absent
15;199;400;27.02.2024;Late
16;46;724;15.07.2024;Present
17;27;627;10.10.2022;Late
18;231;369;28.08.2024;Absent
19;216;306;05.11.2020;Absent
20;274;524;21.08.2023;Present
21;259;453;28.11.2024;Late
22;286;194;22.12.2023;Absent
23;172;211;11.01.2022;Absent
24;107;465;19.12.2024;Present
25;289;26;13.07.2023;Present
26;220;381;18.11.2018;Present
27;239;540;26.03.2021;Absent
28;274;262;28.06.2023;Present
29;121;336;21.02.2024;Absent
30;144;641;01.08.2020;Absent
31;309;126;04.06.2024;Present
32;298;554;02.06.2021;Absent
33;228;327;12.11.2023;Late
34;329;564;23.03.2022;Present
35;210;695;27.08.2022;Late
36;236;88;08.03.2024;Present
37;345;605;24.11.2023;Present
38;319;539;15.09.2024;Late
39;308;588;18.05.2022;Present
40;24;25;14.02.2024;Present
41;138;206;27.12.2024;Present
42;30;713;02.06.2020;Absent
43;48;55;09.01.2023;Present
44;343;58;27.02.2020;Present
45;69;114;16.07.2024;Present
46;170;637;04.05.2021;Present
47;31;220;03.07.2021;Present
48;277;34;13.09.2023;Absent
49;242;386;04.01.2022;Present
50;73;314;05.02.2024;Present
51;256;178;19.09.2024;Late
52;263;44;20.07.2019;Present
53;58;645;06.12.2023;Present
54;175;182;22.03.2022;Present
55;20;46;28.09.2024;Absent
56;137;441;07.07.2024;Late
57;158;79;17.04.2019;Present
58;17;592;18.12.2023;Late
59;285;458;03.10.2023;Present
60;293;562;13.08.2023;Present
61;28;199;13.12.2020;Present
62;58;198;28.12.2023;Absent
63;348;27;18.06.2017;Present
64;329;436;04.12.2022;Absent
65;28;600;03.11.2019;Present
66;66;568;15.03.2024;Present
67;128;71;06.11.2022;Present
68;12;209;27.01.2017;Present
69;76;302;08.06.2023;Present
70;47;551;11.12.2024;Present
71;226;580;22.12.2022;Present
72;23;6;18.01.2024;Absent
73;2;173;17.11.2024;Absent
74;285;730;17.12.2024;Present
75;195;506;22.12.2022;Absent
76;287;169;21.03.2022;Present
77;35;638;07.10.2018;Absent
78;189;573;01.02.2024;Present
79;103;338;24.04.2024;Late
80;255;624;07.09.2019;Absent
81;326;372;09.09.2023;Absent
82;203;557;25.11.2021;Present
83;312;742;19.10.2022;Absent
84;265;380;26.11.2021;Present
85;309;670;19.06.2024;Present
86;147;127;18.09.2023;Absent
87;259;128;11.12.2024;Present
88;224;340;15.09.2024;Late
89;21;585;24.03.2023;Present
90;45;748;23.01.2020;Late
91;106;446;01.09.2022;Present
92;80;598;25.01.2019;Absent
93;209;52;06.08.2023;Present
94;342;404;19.07.2020;Present
95;46;365;21.04.2022;Absent
96;51;21;10.03.2024;Absent
97;112;461;12.07.2024;Present
98;139;473;22.09.2024;Present
99;135;435;01.09.2022;Late
100;13;521;22.06.2020;Absent
101;29;582;03.05.2024;Present
102;254;222;21.04.2018;Absent
103;257;124;19.02.2017;Present
104;158;613;03.06.2017;Present
105;177;488;14.08.2020;Absent
106;334;438;15.09.2023;Absent
107;214;41;25.06.2018;Present
108;347;242;10.06.2024;Late
109;287;513;11.11.2022;Present
110;327;419;01.01.2023;Present
111;104;448;09.02.2024;Late
112;285;398;07.08.2020;Present
113;230;315;28.03.2023;Absent
114;195;111;22.01.2024;Present
115;218;673;02.10.2023;Absent
116;135;371;10.10.2023;Present
117;88;297;01.01.2024;Present
118;3;233;17.06.2022;Late
119;45;680;10.01.2017;Present
120;35;148;12.04.2021;Present
121;95;681;10.03.2024;Present
122;167;643;26.03.2024;Present
123;58;320;23.08.2024;Present
124;202;476;19.10.2023;Present
125;111;309;25.12.2016;Absent
126;179;204;15.06.2024;Present
127;30;464;17.02.2024;Present
128;87;353;22.12.2022;Present
129;210;538;26.09.2023;Present
130;158;410;10.01.2018;Present
131;308;256;05.09.2023;Present
132;225;480;08.08.2022;Present
133;195;732;26.05.2024;Present
134;169;493;06.02.2021;Present
135;338;566;22.03.2018;Absent
136;81;472;19.04.2024;Present
137;68;722;11.05.2024;Present
138;253;243;16.10.2021;Late
139;49;687;25.11.2024;Present
140;300;205;21.07.2024;Present
141;321;608;28.07.2024;Present
142;168;793;08.11.2021;Present
143;107;433;06.10.2022;Late
144;19;720;25.12.2018;Present
145;263;288;24.10.2023;Present
146;312;511;27.03.2022;Late
147;169;316;18.12.2023;Present
148;273;698;26.02.2024;Present
149;198;411;11.08.2021;Absent
150;132;704;09.10.2024;Present
151;293;1;09.07.2024;Present
152;282;82;09.11.2024;Present
153;72;478;02.10.2021;Present
154;256;109;22.02.2024;Present
155;325;351;14.06.2024;Late
156;72;228;02.10.2021;Present
157;277;571;16.12.2021;Present
158;183;231;14.05.2022;Absent
159;162;301;27.07.2022;Present
160;268;706;08.04.2021;Present
161;58;799;01.04.2024;Late
162;111;377;21.09.2021;Present
163;316;99;16.12.2023;Present
164;266;244;13.11.2020;Late
165;187;537;14.01.2022;Present
166;179;13;28.02.2024;Present
167;260;2;22.09.2024;Present
168;11;759;12.08.2024;Present
169;151;658;05.09.2024;Absent
170;92;407;20.08.2021;Present
171;141;450;27.09.2024;Present
172;77;66;20.11.2018;Absent
173;167;180;13.01.2022;Present
174;173;750;07.02.2024;Absent
175;276;507;25.06.2018;Absent
176;43;120;10.04.2019;Present
177;169;735;11.02.2024;Absent
178;99;155;01.10.2022;Present
179;186;726;01.12.2021;Present
180;235;352;13.06.2023;Present
181;305;267;26.02.2024;Present
182;201;321;26.09.2021;Present
183;135;528;28.06.2019;Present
184;47;719;10.11.2024;Present
185;205;24;24.08.2024;Present
186;58;289;27.12.2024;Present
187;284;535;09.08.2022;Late
188;58;364;17.08.2023;Present
189;72;273;27.08.2024;Present
190;154;171;18.10.2018;Present
191;189;490;02.10.2019;Present
192;269;247;04.07.2024;Present
193;264;587;06.11.2024;Late
194;153;253;01.11.2018;Present
195;277;403;21.09.2020;Present
196;199;546;17.04.2024;Present
197;75;84;27.02.2022;Present
198;84;103;25.01.2023;Present
199;347;252;08.08.2018;Absent
200;244;162;08.05.2022;Absent
201;173;399;15.09.2023;Present
202;25;555;04.12.2023;Present
203;217;249;09.05.2024;Absent
204;158;291;22.02.2021;Present
205;239;272;10.07.2020;Present
206;150;333;04.01.2023;Present
207;292;193;05.11.2024;Present
208;198;373;24.05.2020;Present
209;241;81;22.11.2023;Present
210;334;498;15.07.2024;Present
211;71;92;03.01.2023;Absent
212;98;184;12.12.2019;Present
213;170;556;12.09.2019;Late
214;13;355;27.07.2018;Present
215;263;532;15.07.2023;Present
216;287;11;15.05.2023;Present
217;160;595;15.03.2019;Present
218;242;791;14.12.2024;Present
219;61;405;27.07.2024;Late
220;78;619;11.09.2024;Present
221;272;105;15.03.2024;Present
222;102;108;27.06.2022;Present
223;335;479;22.10.2022;Present
224;47;579;10.12.2024;Late
225;63;15;01.07.2023;Absent
226;156;527;21.02.2020;Late
227;242;575;07.01.2022;Present
228;53;652;03.09.2024;Present
229;273;237;12.07.2024;Present
230;347;788;22.12.2017;Absent
231;176;258;04.07.2024;Present
232;159;634;21.03.2023;Present
233;239;583;19.04.2021;Present
234;190;630;22.12.2023;Present
235;92;691;19.05.2022;Present
236;260;762;09.11.2022;Present
237;257;560;18.04.2022;Present
238;349;757;18.06.2024;Present
239;1;659;09.06.2022;Present
240;267;295;01.12.2022;Present
241;65;344;25.06.2024;Absent
242;168;387;18.09.2024;Present
243;80;43;22.12.2021;Present
244;3;515;20.08.2017;Present
245;238;731;21.01.2022;Present
246;93;668;10.04.2022;Late
247;192;202;15.06.2024;Present
248;327;452;22.08.2024;Absent
249;125;104;22.12.2024;Present
250;293;699;13.10.2023;Late
251;259;121;08.11.2024;Present
252;314;672;18.06.2024;Present
253;38;396;20.09.2022;Present
254;35;789;03.12.2023;Absent
255;173;217;28.01.2024;Absent
256;111;56;04.01.2024;Present
257;53;146;10.11.2024;Present
258;15;68;13.06.2024;Present
259;288;238;07.04.2024;Present
260;99;694;15.04.2023;Present
261;196;97;23.07.2024;Absent
262;61;190;19.01.2024;Present
263;248;326;24.02.2023;Present
264;169;102;12.03.2021;Present
265;126;536;14.08.2021;Present
266;255;522;02.09.2020;Present
267;93;790;26.05.2017;Absent
268;332;152;22.03.2024;Late
269;33;559;25.12.2024;Late
270;254;690;13.12.2020;Present
271;254;276;16.11.2019;Late
272;304;245;06.01.2021;Present
273;323;40;15.11.2023;Present
274;51;481;13.12.2024;Absent
275;181;666;10.04.2023;Late
276;114;729;18.03.2020;Present
277;115;663;18.09.2016;Present
278;33;734;19.03.2023;Absent
279;6;414;08.02.2020;Late
280;297;83;15.06.2020;Absent
281;10;94;23.03.2019;Present
282;338;170;17.08.2020;Present
283;6;601;16.09.2024;Present
284;6;149;06.08.2022;Late
285;56;213;07.12.2024;Present
286;319;37;19.10.2023;Present
287;281;113;23.12.2024;Present
288;241;519;07.06.2024;Present
289;186;509;23.07.2020;Present
290;50;440;03.06.2023;Present
291;244;752;07.02.2024;Present
292;7;332;18.09.2024;Late
293;292;176;02.12.2022;Present
294;58;471;12.07.2024;Present
295;227;248;08.11.2023;Present
296;225;59;03.01.2024;Present
297;29;420;11.01.2024;Absent
298;161;649;03.07.2021;Present
299;254;48;08.10.2018;Present
300;54;603;01.04.2024;Late
301;312;168;05.05.2023;Present
302;292;590;07.05.2024;Present
303;261;494;06.07.2019;Present
304;101;746;06.07.2024;Present
305;55;156;20.04.2024;Late
306;324;78;19.06.2021;Present
307;144;459;09.05.2022;Present
308;162;274;23.01.2024;Present
309;17;654;07.11.2023;Present
310;127;499;19.12.2024;Present
311;17;749;24.10.2024;Present
312;101;118;24.02.2024;Present
313;147;484;26.03.2020;Present
314;259;703;10.12.2024;Present
315;103;576;06.01.2024;Absent
316;236;61;28.10.2022;Present
317;57;612;08.06.2021;Present
318;312;439;06.01.2024;Absent
319;117;12;12.01.2020;Absent
320;230;727;13.06.2024;Absent
321;266;265;26.02.2021;Late
322;61;137;19.09.2024;Absent
323;35;266;13.12.2020;Present
324;267;110;27.09.2023;Present
325;213;283;12.09.2020;Present
326;342;482;07.11.2024;Present
327;1;561;22.03.2023;Present
328;72;677;11.05.2024;Present
329;27;86;22.05.2017;Absent
330;326;466;02.03.2019;Present
331;117;130;06.01.2024;Present
332;59;18;02.02.2019;Absent
333;116;31;16.12.2021;Absent
334;296;526;23.03.2021;Present
335;262;7;21.09.2022;Present
336;331;469;04.09.2018;Present
337;226;17;23.08.2024;Absent
338;57;329;17.07.2019;Present
339;342;599;16.01.2021;Absent
340;342;19;24.06.2024;Present
341;20;30;23.07.2024;Absent
342;265;93;28.04.2019;Present
343;335;294;09.11.2024;Late
344;23;349;13.07.2023;Present
345;319;28;01.06.2024;Present
346;4;47;21.06.2024;Present
347;144;541;04.05.2024;Present
348;269;460;04.08.2024;Present
349;256;189;09.10.2023;Present
350;328;395;03.12.2023;Absent
351;118;497;23.12.2023;Absent
352;346;779;10.04.2022;Late
353;332;632;15.03.2023;Present
354;337;708;14.02.2023;Present
355;308;468;05.09.2022;Absent
356;64;609;18.07.2023;Late
357;340;723;12.11.2020;Absent
358;131;185;13.05.2023;Present
359;119;470;04.08.2023;Late
360;67;147;14.01.2018;Late
361;349;394;28.08.2024;Present
362;114;449;08.12.2022;Present
363;197;422;13.10.2024;Absent
364;121;406;23.05.2023;Late
365;207;623;21.05.2019;Present
366;80;197;02.10.2021;Present
367;179;753;25.07.2024;Present
368;261;75;28.10.2022;Present
369;36;401;25.07.2023;Present
370;300;39;24.06.2024;Present
371;303;158;10.04.2024;Late
372;35;442;14.02.2019;Present
373;284;49;24.12.2023;Absent
374;296;20;08.09.2021;Present
375;32;547;05.05.2024;Present
376;223;143;21.09.2022;Present
377;309;491;13.08.2024;Present
378;64;42;26.03.2023;Present
379;343;285;09.07.2023;Present
380;246;617;17.05.2022;Present
381;327;426;05.08.2023;Absent
382;180;374;13.09.2021;Present
383;297;207;04.05.2020;Present
384;246;767;25.02.2019;Present
385;39;362;27.03.2024;Present
386;132;62;24.11.2024;Present
387;94;710;12.06.2023;Late
388;324;201;20.10.2021;Present
389;151;367;11.08.2023;Late
390;270;350;12.08.2023;Present
391;71;345;12.05.2024;Present
392;344;183;01.05.2024;Late
393;222;635;14.04.2024;Present
394;300;331;26.06.2024;Present
395;144;191;26.10.2019;Present
396;308;416;16.05.2022;Absent
397;24;500;10.05.2021;Present
398;80;636;27.08.2023;Absent
399;108;89;07.10.2023;Present
400;170;280;13.11.2022;Present
401;118;531;28.10.2023;Absent
402;27;717;20.09.2018;Present
403;254;136;04.01.2020;Present
404;168;392;25.05.2021;Present
405;174;682;26.06.2022;Absent
406;207;596;05.01.2021;Absent
407;165;210;05.12.2019;Absent
408;292;525;27.07.2024;Absent
409;349;9;20.12.2024;Present
410;133;688;20.12.2024;Absent
411;328;661;13.09.2018;Present
412;301;429;03.04.2024;Present
413;124;768;08.04.2019;Present
414;53;648;03.09.2024;Present
415;215;700;21.08.2024;Absent
416;331;123;05.12.2018;Present
417;97;664;07.09.2022;Absent
418;135;293;07.07.2022;Late
419;276;36;20.10.2024;Late
420;147;368;26.06.2020;Present
421;213;366;04.07.2019;Absent
422;134;542;17.06.2023;Present
423;191;716;12.05.2024;Present
424;152;163;13.02.2023;Late
425;134;260;17.12.2023;Present
426;35;737;12.07.2019;Absent
427;290;618;28.07.2023;Absent
428;18;311;18.07.2024;Present
429;302;230;27.06.2017;Present
430;154;325;13.12.2024;Present
431;315;430;07.12.2024;Present
432;185;616;17.03.2023;Present
433;349;782;22.06.2024;Present
434;103;241;02.02.2023;Present
435;13;310;10.08.2024;Present
436;181;85;02.01.2024;Absent
437;198;421;13.08.2020;Absent
438;64;647;03.10.2023;Late
439;352;725;21.04.2024;Late
440;330;572;04.08.2021;Present
441;274;783;27.06.2024;Present
442;43;776;14.07.2024;Present
443;60;3;21.08.2024;Absent
444;193;594;19.04.2021;Present
445;296;756;02.07.2024;Present
446;322;144;03.05.2020;Absent
447;346;50;21.06.2016;Present
448;192;383;10.02.2023;Present
449;273;739;14.09.2024;Present
450;241;463;13.02.2023;Late
451;122;360;06.02.2023;Late
452;282;232;10.12.2024;Present
453;178;631;09.02.2019;Absent
454;164;235;02.02.2023;Present
455;202;346;05.10.2024;Present
456;112;761;09.12.2024;Present
457;149;95;04.01.2021;Present
458;207;711;05.12.2023;Late
459;122;135;02.03.2021;Present
460;105;577;07.10.2023;Absent
461;241;51;22.07.2022;Present
462;79;786;10.08.2024;Present
463;17;172;20.10.2023;Present
464;245;607;08.04.2024;Present
465;261;597;24.03.2021;Present
466;286;483;08.11.2023;Present
467;325;518;04.11.2023;Present
468;137;164;14.05.2021;Absent
469;185;203;12.12.2020;Late
470;307;655;26.10.2024;Present
471;193;508;10.10.2023;Present
472;187;70;05.12.2024;Present
473;102;215;24.05.2016;Present
474;346;549;22.12.2020;Present
475;310;451;02.04.2020;Absent
476;120;384;07.01.2023;Present
477;116;558;02.04.2024;Present
478;351;8;26.10.2023;Present
479;239;106;06.07.2024;Present
480;245;653;19.03.2024;Present
481;129;391;05.05.2024;Present
482;302;678;18.07.2024;Absent
483;15;628;26.08.2023;Present
484;179;303;16.04.2024;Present
485;54;268;10.11.2023;Absent
486;142;45;23.06.2024;Absent
487;302;689;22.08.2018;Present
488;12;141;27.08.2019;Present
489;305;101;18.11.2024;Present
490;280;282;20.09.2023;Present
491;244;240;02.10.2024;Present
492;5;64;07.07.2020;Present
493;95;69;25.12.2023;Present
494;232;794;13.09.2023;Present
495;64;145;13.03.2023;Present
496;352;382;04.12.2022;Present
497;139;685;08.12.2024;Present
498;12;787;10.10.2023;Late
499;10;781;01.10.2022;Present
500;13;379;12.09.2018;Present
501;220;679;05.11.2018;Present
502;174;686;17.03.2022;Present
503;220;760;02.07.2020;Absent
504;188;475;16.03.2019;Absent
505;288;514;19.07.2024;Present
506;41;397;24.02.2020;Present
507;325;334;07.08.2020;Present
508;127;115;24.10.2024;Late
509;68;122;20.12.2024;Present
510;180;644;14.10.2021;Late
511;102;119;12.01.2024;Present
512;283;602;27.11.2024;Present
513;163;718;13.06.2023;Late
514;279;728;13.11.2024;Present
515;224;610;17.12.2024;Present
516;94;319;05.08.2023;Present
517;97;771;15.03.2021;Late
518;127;219;11.11.2024;Absent
519;125;516;15.12.2024;Present
520;167;72;06.08.2023;Present
521;322;745;19.03.2023;Present
522;49;563;16.10.2024;Late
523;256;665;07.08.2024;Present
524;1;785;25.12.2022;Present
525;311;574;25.11.2023;Present
526;15;73;23.02.2024;Present
527;189;363;03.02.2024;Present
528;205;188;22.03.2023;Present
529;17;278;03.04.2024;Absent
530;181;520;07.04.2017;Late
531;253;651;25.01.2017;Present
532;220;342;16.02.2021;Present
533;183;296;08.12.2022;Absent
534;178;496;02.06.2021;Present
535;102;589;03.08.2024;Absent
536;250;257;24.02.2024;Present
537;49;375;03.10.2022;Absent
538;118;454;18.11.2023;Present
539;352;591;01.10.2021;Present
540;185;667;06.12.2020;Present
541;311;271;19.10.2020;Present
542;273;625;04.10.2024;Late
543;266;567;24.12.2020;Present
544;262;705;06.09.2023;Present
545;142;417;23.06.2022;Present
546;161;389;28.06.2023;Present
547;23;304;09.06.2023;Present
548;225;138;22.05.2023;Absent
549;50;721;07.04.2024;Present
550;33;251;05.12.2023;Present
551;258;629;14.08.2024;Present
552;24;216;16.10.2023;Present
553;242;675;25.08.2020;Absent
554;344;797;02.05.2024;Present
555;38;763;05.03.2019;Present
556;90;218;02.02.2018;Absent
557;177;159;25.05.2023;Present
558;119;423;04.12.2022;Present
559;113;208;07.08.2023;Present
560;93;227;01.07.2021;Present
561;88;157;28.06.2022;Present
562;175;335;14.08.2024;Present
563;252;565;22.06.2022;Late
564;222;290;26.08.2024;Present
565;203;741;03.05.2023;Absent
566;225;179;04.05.2022;Present
567;203;337;27.07.2024;Present
568;321;254;07.12.2024;Present
569;86;512;12.09.2023;Absent
570;55;313;18.05.2024;Present
571;124;684;13.08.2019;Present
572;40;275;02.09.2024;Late
573;341;495;09.09.2024;Present
574;231;413;15.12.2020;Absent
575;10;798;28.08.2017;Absent
576;88;530;18.04.2023;Present
577;104;98;22.04.2024;Present
578;341;501;11.06.2023;Present
579;330;709;16.02.2024;Present
580;340;116;14.10.2018;Absent
581;75;784;02.02.2021;Absent
582;209;298;11.09.2022;Present
583;7;778;20.10.2024;Present
584;59;261;13.01.2019;Present
585;99;328;06.06.2023;Absent
586;143;738;10.02.2024;Present
587;296;432;02.12.2021;Present
588;288;107;04.08.2023;Present
589;56;412;10.04.2024;Present
590;81;153;11.08.2024;Present
591;151;455;22.07.2024;Present
592;344;553;28.11.2021;Present
593;155;354;20.12.2022;Present
594;217;581;02.03.2024;Present
595;85;91;12.10.2023;Absent
596;189;341;03.11.2022;Present
597;319;96;26.02.2019;Present
598;176;308;18.04.2023;Late
599;256;415;27.08.2023;Present
600;59;226;18.02.2018;Present
601;155;744;10.11.2020;Absent
602;169;620;27.09.2024;Absent
603;340;486;20.12.2021;Present
604;44;388;02.03.2024;Absent
605;90;492;08.04.2023;Present
606;57;456;03.02.2023;Present
607;4;510;04.01.2023;Present
608;335;424;26.08.2024;Present
609;334;502;09.10.2024;Present
610;43;615;02.10.2018;Present
611;102;151;26.02.2018;Present
612;268;90;26.01.2021;Late
613;51;112;08.08.2024;Present
614;183;87;19.01.2024;Absent
615;188;425;21.09.2024;Late
616;42;650;02.11.2022;Absent
617;135;348;11.04.2020;Present
618;291;181;28.11.2024;Absent
619;244;142;28.05.2022;Present
620;192;225;18.09.2022;Present
621;316;434;22.09.2017;Present
622;166;409;08.09.2020;Absent
623;150;503;11.06.2023;Present
624;102;54;12.07.2016;Present
625;103;792;24.01.2024;Late
626;349;339;27.08.2024;Late
627;121;165;01.10.2024;Present
628;231;234;13.05.2021;Present
629;194;323;19.10.2019;Absent
630;6;129;22.01.2023;Present
631;61;299;14.05.2024;Late
632;224;29;14.02.2024;Absent
633;64;305;24.02.2023;Late
634;337;255;06.12.2023;Present
635;44;707;21.05.2024;Absent
636;316;796;22.09.2022;Absent
637;133;765;12.09.2024;Absent
638;326;76;23.03.2019;Present
639;125;134;25.12.2024;Absent
640;31;444;18.02.2024;Absent
641;290;376;24.07.2020;Present
642;29;32;28.04.2024;Present
643;100;660;06.10.2023;Present
644;317;175;24.12.2023;Present
645;101;656;25.06.2024;Present
646;12;548;22.11.2020;Present
647;47;300;12.10.2024;Present
648;299;139;16.10.2021;Absent
649;260;358;22.12.2023;Absent
650;14;764;28.08.2021;Present
651;212;356;13.08.2023;Present
652;72;550;02.06.2023;Absent
653;284;777;27.09.2023;Present
654;296;462;06.11.2024;Absent
655;113;669;08.11.2024;Absent
656;344;393;17.03.2023;Present
657;340;447;09.02.2023;Present
658;56;474;02.06.2024;Present
659;231;277;10.03.2024;Present
660;21;4;06.09.2024;Late
661;6;545;28.02.2024;Late
662;56;269;09.09.2023;Present
663;245;22;25.06.2024;Present
664;236;578;10.05.2024;Present
665;3;614;11.04.2021;Present
666;79;674;16.10.2024;Absent
667;58;485;06.03.2024;Present
668;192;402;18.08.2024;Present
669;343;755;22.07.2024;Present
670;122;33;03.01.2024;Present
671;157;53;21.08.2022;Present
672;310;606;14.08.2023;Present
673;171;57;01.08.2023;Absent
674;254;166;26.07.2024;Present
675;91;715;23.11.2018;Absent
676;197;584;04.05.2022;Present
677;211;131;17.07.2016;Absent
678;252;279;20.12.2020;Late
679;246;77;04.02.2023;Late
680;347;543;22.09.2021;Present
681;67;378;03.11.2018;Absent
682;141;186;02.11.2024;Present
683;123;621;16.12.2022;Absent
684;174;236;21.09.2024;Present
685;241;140;19.03.2024;Late
686;60;212;04.03.2023;Present
687;239;161;22.02.2024;Present
688;276;477;03.02.2023;Late
689;157;657;27.11.2022;Present
690;94;489;24.03.2024;Present
691;279;35;16.10.2024;Present
692;299;774;08.07.2024;Present
693;147;357;21.03.2022;Present
694;97;445;14.07.2023;Present
695;267;14;12.08.2023;Present
696;248;195;23.01.2022;Present
697;227;343;13.05.2024;Present
698;314;263;01.09.2024;Present
699;242;100;27.02.2023;Present
700;262;733;28.07.2023;Absent
701;177;292;23.12.2019;Present
702;264;467;22.12.2024;Present
703;196;250;03.06.2024;Absent
704;103;67;14.03.2022;Absent
705;295;683;28.06.2022;Present
706;35;221;03.10.2024;Absent
707;83;38;23.01.2018;Present
708;230;770;01.07.2024;Present
709;338;167;03.10.2022;Present
710;10;229;11.08.2023;Present
711;284;307;10.07.2024;Present
712;349;427;02.05.2024;Present
713;94;239;02.12.2023;Present
714;334;125;01.05.2024;Present
715;190;662;28.11.2024;Absent
716;263;65;06.09.2022;Late
717;182;281;07.07.2024;Absent
718;63;63;06.09.2020;Absent
719;21;743;20.04.2023;Absent
720;247;702;27.01.2020;Present
721;32;270;24.07.2020;Late
722;304;361;05.07.2024;Present
723;318;318;06.01.2024;Present
724;260;322;19.02.2023;Absent
725;302;552;18.11.2017;Absent
726;160;214;19.07.2019;Present
727;292;23;05.05.2021;Present
728;269;385;11.04.2022;Present
729;99;523;28.04.2020;Present
730;213;347;10.02.2020;Present
731;219;246;28.10.2021;Absent
732;37;696;24.09.2021;Late
733;337;604;17.06.2022;Present
734;91;676;21.12.2022;Late
735;242;772;13.10.2022;Present
736;241;766;16.12.2024;Present
737;83;287;19.10.2023;Present
738;98;795;26.08.2018;Absent
739;220;431;24.08.2019;Present
740;271;622;25.07.2024;Late
741;158;196;20.11.2019;Present
742;245;712;05.09.2023;Present
743;13;132;23.02.2023;Absent
744;227;693;25.04.2024;Present
745;171;370;19.02.2024;Present
746;345;780;20.05.2017;Present
747;240;259;14.05.2021;Present
748;178;160;16.12.2023;Present
749;311;437;03.01.2023;Present
750;134;187;21.10.2022;Present
751;263;529;19.12.2018;Late
752;82;773;17.03.2024;Present
753;51;317;09.09.2024;Present
754;61;642;05.01.2023;Present
755;31;457;11.01.2023;Present
756;69;154;28.10.2023;Absent
757;104;769;19.04.2024;Absent
758;157;408;06.03.2022;Absent
759;310;5;21.11.2019;Present
760;279;133;20.10.2024;Absent
761;204;177;07.05.2024;Present
762;45;286;25.09.2019;Present
763;13;504;07.03.2024;Present
764;301;117;03.03.2022;Present
765;345;324;06.07.2020;Present
766;327;626;27.07.2024;Present
767;205;671;01.04.2023;Present
768;170;611;19.05.2022;Present
769;143;640;09.10.2021;Present
770;109;701;14.10.2024;Present
771;157;80;17.09.2024;Present
772;215;224;01.08.2019;Present
773;194;505;28.08.2019;Present
774;4;570;13.01.2023;Present
775;297;800;09.07.2021;Present
776;51;639;17.08.2024;Absent
777;91;747;25.07.2019;Present
778;130;534;23.02.2023;Present
779;123;264;09.09.2023;Present
780;8;192;13.03.2023;Present
781;305;569;13.10.2024;Present
782;52;428;01.12.2024;Present
783;50;150;08.08.2019;Present
784;311;284;28.06.2022;Present
785;55;60;13.07.2024;Late
786;316;533;02.02.2021;Absent
787;208;418;13.06.2023;Present
788;154;714;12.11.2024;Present
789;95;736;11.11.2024;Present
790;297;740;16.11.2021;Absent
791;180;105;18.02.2024;Present
792;107;635;27.10.2019;Late
793;278;85;08.12.2022;Absent
794;23;792;24.02.2024;Absent
795;244;456;24.04.2024;Late
796;274;80;26.01.2022;Absent
797;315;251;05.07.2024;Late
798;28;214;13.10.2023;Absent
799;5;686;03.10.2022;Late
800;38;408;25.11.2018;Present
801;292;789;17.10.2021;Absent
802;117;550;08.05.2021;Late
803;309;39;13.07.2024;Absent
804;20;723;05.06.2024;Absent
805;111;508;24.05.2019;Absent
806;174;436;07.04.2022;Present
807;205;622;15.05.2023;Absent
808;118;59;10.10.2024;Absent
809;320;784;14.12.2024;Present
810;343;738;03.10.2022;Late
811;48;689;21.12.2023;Absent
812;268;460;09.03.2024;Late
813;174;156;08.01.2022;Late
814;150;463;10.04.2023;Late
815;14;8;13.07.2017;Present
816;259;100;22.09.2024;Absent
817;53;276;23.04.2024;Absent
818;107;277;14.04.2021;Absent
819;284;449;06.10.2023;Late
820;149;696;07.11.2021;Late
821;103;512;20.10.2023;Present
822;174;93;05.04.2022;Absent
823;261;744;09.11.2019;Absent
824;237;333;18.12.2019;Late
825;176;534;26.10.2022;Absent
826;213;504;12.09.2023;Late
827;195;208;13.02.2022;Present
828;279;698;21.09.2024;Late
829;251;203;16.04.2022;Absent
830;22;532;02.01.2024;Absent
831;82;468;11.05.2024;Present
832;191;159;22.01.2023;Absent
833;102;367;07.01.2018;Present
834;206;162;15.11.2024;Present
835;39;74;09.05.2022;Late
836;248;52;22.12.2020;Late
837;228;383;17.08.2024;Late
838;69;531;08.08.2024;Late
839;83;204;25.03.2021;Late
840;326;279;10.11.2019;Absent
841;66;622;09.03.2023;Present
842;283;239;13.09.2023;Absent
843;158;644;27.10.2017;Absent
844;164;56;16.07.2024;Present
845;310;349;13.12.2017;Absent
846;304;454;03.07.2021;Absent
847;186;130;03.04.2022;Late
848;294;284;05.10.2024;Absent
849;194;745;27.01.2020;Absent
850;63;599;08.10.2023;Late
851;333;297;21.04.2021;Absent
852;47;429;07.12.2024;Late
853;175;420;21.04.2023;Late
854;130;192;08.04.2024;Present
855;181;673;15.03.2024;Late
856;58;765;13.09.2024;Present
857;109;579;26.09.2022;Present
858;37;518;09.03.2020;Absent
859;16;228;01.03.2024;Late
860;110;184;07.07.2020;Absent
861;214;760;26.06.2021;Present
862;64;531;25.01.2023;Present
863;85;489;14.11.2024;Late
864;282;779;27.10.2024;Absent
865;208;398;06.03.2021;Late
866;244;173;26.08.2024;Absent
867;146;381;13.05.2024;Present
868;174;749;14.11.2024;Absent
869;161;180;03.07.2019;Absent
870;234;608;18.07.2019;Absent
871;11;446;01.09.2024;Absent
872;246;623;26.01.2023;Late
873;76;85;13.06.2024;Late
874;76;151;04.06.2023;Present
875;251;553;05.11.2024;Absent
876;328;47;24.10.2019;Present
877;218;699;25.04.2024;Absent
878;159;587;04.12.2024;Absent
879;249;23;20.11.2023;Absent
880;136;330;11.08.2023;Late
881;112;563;08.08.2024;Late
882;342;728;09.05.2020;Late
883;351;583;04.08.2023;Present
884;201;549;14.09.2024;Present
885;258;415;03.06.2024;Absent
886;262;283;17.06.2023;Late
887;252;746;20.07.2022;Present
888;175;644;17.10.2021;Absent
889;169;657;15.06.2023;Absent
890;184;302;16.12.2022;Late
891;150;730;12.11.2024;Absent
892;123;341;20.03.2022;Absent
893;26;207;19.07.2023;Absent
894;34;569;01.03.2023;Absent
895;317;593;08.10.2021;Present
896;198;684;03.02.2022;Absent
897;151;557;17.04.2024;Absent
898;212;249;21.02.2024;Absent
899;217;564;23.04.2022;Absent
900;84;469;12.10.2023;Present
901;16;552;01.06.2023;Late
902;196;740;03.02.2024;Absent
903;9;146;02.01.2024;Absent
904;13;403;24.10.2021;Late
905;127;576;17.10.2024;Absent
906;32;658;24.06.2018;Absent
907;114;28;23.05.2022;Present
908;215;742;22.10.2019;Late
909;150;333;24.01.2023;Absent
910;76;750;15.09.2023;Absent
911;288;32;22.11.2022;Late
912;22;551;22.06.2024;Late
913;347;309;10.09.2022;Late
914;99;742;27.12.2023;Absent
915;90;439;03.07.2018;Present
916;242;423;26.03.2020;Late
917;150;718;24.07.2023;Absent
918;335;784;05.11.2024;Late
919;159;331;20.12.2022;Absent
920;258;624;06.07.2023;Absent
921;84;40;10.02.2022;Present
922;315;609;17.11.2024;Late
923;284;473;24.07.2024;Present
924;195;143;14.08.2022;Present
925;135;278;19.07.2020;Present
926;263;725;27.06.2021;Late
927;170;570;05.05.2019;Absent
928;28;690;11.05.2021;Present
929;318;51;13.03.2023;Absent
930;134;174;04.02.2023;Absent
931;168;643;24.03.2021;Present
932;256;501;21.11.2024;Absent
933;3;540;10.02.2023;Present
934;49;416;09.10.2021;Absent
935;349;403;10.12.2024;Absent
936;236;213;14.12.2021;Present
937;21;13;02.12.2019;Present
938;27;54;17.05.2023;Absent
939;29;263;25.02.2023;Late
940;285;101;09.02.2023;Late
941;239;626;26.12.2019;Absent
942;14;197;21.04.2021;Absent
943;26;300;18.05.2022;Late
944;70;783;15.01.2017;Present
945;63;562;06.11.2018;Absent
946;142;764;17.12.2022;Late
947;118;670;20.02.2024;Late
948;88;780;22.09.2022;Absent
949;77;327;16.07.2023;Absent
950;100;721;05.06.2024;Present
951;167;53;04.05.2022;Present
952;53;696;21.05.2024;Late
953;104;282;03.08.2024;Late
954;38;793;23.04.2018;Absent
955;145;91;18.11.2020;Late
956;7;63;04.06.2024;Late
957;255;147;09.01.2023;Late
958;217;189;17.06.2024;Late
959;50;525;15.01.2020;Present
960;272;587;11.09.2024;Present
961;11;472;27.11.2024;Present
962;155;325;14.04.2021;Present
963;226;337;19.03.2023;Present
964;216;16;13.10.2024;Absent
965;174;401;04.03.2023;Absent
966;25;589;02.10.2024;Present
967;192;208;03.02.2023;Absent
968;280;683;21.05.2023;Present
969;265;788;01.06.2019;Absent
970;145;83;28.04.2019;Absent
971;130;781;26.06.2024;Absent
972;264;511;21.12.2024;Late
973;45;217;24.09.2023;Present
974;319;326;01.11.2020;Absent
975;203;54;05.06.2024;Absent
976;129;727;24.12.2024;Present
977;111;327;21.08.2024;Absent
978;337;709;26.02.2024;Present
979;215;799;09.11.2021;Absent
980;268;433;05.11.2020;Present
981;194;388;25.08.2019;Late
982;116;633;14.11.2023;Absent
983;195;500;11.10.2024;Absent
984;231;276;19.02.2020;Late
985;186;75;04.06.2023;Present
986;89;546;05.03.2022;Late
987;335;677;12.04.2023;Late
988;67;213;27.03.2020;Present
989;304;53;15.09.2024;Late
990;167;183;02.03.2021;Absent
991;133;111;15.09.2024;Absent
992;291;86;25.07.2024;Late
993;196;169;07.05.2021;Absent
994;11;152;08.04.2024;Absent
995;100;547;09.09.2024;Absent
996;240;35;28.01.2023;Late
997;288;506;24.04.2023;Absent
998;69;342;13.04.2023;Absent
999;54;446;08.09.2023;Present
1000;245;452;10.11.2024;Present
