grade_id;student_id;course_id;grade;grade_date;exam_type
1;233;190;91;04.10.2016;Quiz
2;244;789;85;23.02.2018;Final
3;150;339;66;18.10.2019;Quiz
4;301;616;79;19.10.2019;Project
5;1;167;66;01.04.2018;Midterm
6;24;171;95;03.01.2021;Midterm
7;30;2;56;16.07.2019;Final
8;275;147;77;26.11.2024;Final
9;230;138;54;16.08.2016;Quiz
10;159;461;81;01.01.2024;Quiz
11;264;181;66;29.11.2020;Final
12;301;158;85;23.04.2021;Project
13;346;770;73;07.09.2017;Quiz
14;75;104;60;14.09.2019;Midterm
15;278;435;59;02.09.2024;Midterm
16;256;658;58;23.11.2020;Midterm
17;161;591;68;21.07.2020;Midterm
18;207;35;98;14.01.2019;Project
19;126;711;86;25.02.2024;Quiz
20;334;776;98;06.05.2023;Quiz
21;260;763;60;19.07.2023;Project
22;168;107;66;15.08.2023;Midterm
23;168;266;89;30.07.2020;Quiz
24;31;433;91;07.06.2017;Final
25;141;289;85;22.12.2024;Midterm
26;146;519;87;31.08.2023;Final
27;191;577;94;29.01.2019;Project
28;152;395;87;26.06.2021;Project
29;345;729;69;29.05.2022;Final
30;261;243;52;17.05.2017;Midterm
31;63;282;70;24.09.2017;Final
32;45;495;54;26.10.2018;Midterm
33;278;451;75;04.07.2020;Quiz
34;84;215;65;23.09.2021;Project
35;338;681;70;20.12.2019;Final
36;11;612;96;18.05.2017;Quiz
37;70;121;95;05.08.2017;Quiz
38;265;175;82;17.07.2024;Final
39;13;283;66;03.04.2020;Final
40;157;60;70;17.02.2023;Project
41;157;62;66;14.06.2020;Project
42;23;301;98;20.08.2017;Midterm
43;190;369;50;23.11.2018;Quiz
44;209;307;99;20.01.2021;Midterm
45;220;96;61;05.03.2019;Final
46;262;765;89;14.10.2017;Project
47;336;663;84;11.12.2017;Final
48;30;455;59;14.04.2017;Final
49;272;685;62;25.08.2022;Quiz
50;6;415;74;16.04.2022;Project
51;342;779;76;30.03.2023;Midterm
52;37;488;81;01.05.2018;Project
53;334;66;51;18.02.2023;Midterm
54;175;562;53;18.04.2023;Final
55;206;168;99;09.10.2020;Quiz
56;257;516;61;04.10.2017;Midterm
57;78;325;87;15.10.2016;Project
58;106;721;84;16.12.2017;Quiz
59;104;79;57;07.09.2018;Quiz
60;170;438;69;17.03.2018;Midterm
61;263;130;64;10.11.2020;Final
62;321;415;63;23.01.2017;Quiz
63;129;299;97;01.03.2016;Midterm
64;342;33;76;30.07.2016;Final
65;253;204;92;16.04.2019;Quiz
66;113;154;72;27.01.2017;Quiz
67;96;682;63;19.02.2019;Final
68;282;350;63;09.09.2021;Midterm
69;321;56;98;12.04.2024;Midterm
70;265;424;92;19.03.2023;Final
71;326;312;69;31.07.2016;Midterm
72;194;243;52;24.07.2021;Project
73;114;668;61;13.05.2023;Final
74;209;766;79;18.11.2019;Quiz
75;187;244;77;19.03.2016;Quiz
76;223;495;61;04.08.2023;Project
77;41;181;82;17.02.2023;Midterm
78;184;316;77;02.09.2022;Quiz
79;18;593;71;30.06.2019;Quiz
80;273;245;55;08.08.2016;Project
81;62;223;88;05.06.2017;Final
82;31;602;89;15.08.2022;Final
83;332;471;85;09.11.2018;Midterm
84;344;324;62;01.09.2022;Final
85;231;69;54;01.06.2021;Quiz
86;5;91;82;21.11.2016;Project
87;191;477;64;16.03.2020;Midterm
88;113;672;71;21.04.2016;Midterm
89;56;85;76;30.07.2021;Final
90;283;579;74;02.01.2023;Project
91;66;50;86;22.03.2019;Final
92;128;740;58;30.04.2022;Midterm
93;180;633;90;03.01.2023;Project
94;7;488;86;23.04.2022;Final
95;292;1;59;16.09.2024;Midterm
96;338;654;92;23.12.2017;Midterm
97;201;161;92;14.04.2018;Midterm
98;23;530;71;15.07.2016;Quiz
99;286;599;86;29.08.2018;Project
100;340;288;77;20.12.2018;Midterm
101;91;519;84;17.09.2020;Project
102;179;346;97;31.07.2019;Final
103;269;187;95;08.07.2023;Midterm
104;154;369;87;16.06.2021;Final
105;20;456;86;26.08.2020;Quiz
106;234;564;69;03.03.2017;Quiz
107;276;241;89;04.05.2018;Final
108;285;523;90;17.06.2023;Midterm
109;186;134;71;13.06.2024;Quiz
110;203;371;71;20.08.2023;Final
111;72;574;85;11.02.2019;Final
112;24;391;76;29.12.2022;Midterm
113;229;619;54;30.06.2019;Midterm
114;222;197;73;23.07.2024;Final
115;30;237;79;12.02.2023;Midterm
116;158;179;66;05.03.2024;Quiz
117;101;244;53;16.02.2023;Final
118;257;238;85;30.04.2022;Quiz
119;209;119;70;21.04.2016;Quiz
120;278;749;84;18.09.2019;Quiz
121;243;122;63;27.01.2016;Project
122;100;218;95;17.10.2023;Quiz
123;232;510;81;26.02.2016;Quiz
124;218;426;75;02.08.2023;Project
125;192;436;100;17.07.2017;Project
126;14;98;70;29.03.2019;Final
127;76;414;58;25.06.2020;Project
128;151;671;79;05.10.2019;Midterm
129;144;589;85;03.10.2018;Quiz
130;331;452;87;03.02.2018;Midterm
131;1;268;94;01.03.2016;Midterm
132;155;496;75;15.06.2023;Quiz
133;307;729;73;17.05.2023;Midterm
134;24;257;58;14.08.2020;Final
135;166;646;79;15.01.2022;Midterm
136;328;269;88;22.07.2023;Quiz
137;1;21;62;22.03.2021;Project
138;300;131;63;04.06.2024;Final
139;16;202;94;16.03.2017;Final
140;177;614;56;07.05.2019;Midterm
141;146;649;70;18.10.2023;Quiz
142;279;228;60;11.04.2023;Final
143;278;768;72;01.12.2017;Midterm
144;118;293;54;22.06.2020;Final
145;92;792;56;20.04.2024;Quiz
146;40;638;95;14.12.2024;Midterm
147;72;3;62;18.05.2021;Quiz
148;327;662;69;30.04.2024;Quiz
149;282;784;64;06.01.2020;Final
150;233;510;56;03.12.2018;Midterm
151;37;410;96;03.05.2022;Project
152;72;498;70;18.07.2016;Final
153;176;451;55;14.10.2019;Midterm
154;223;754;52;13.12.2019;Quiz
155;168;185;95;18.02.2020;Project
156;172;761;59;23.04.2019;Project
157;342;541;95;01.11.2020;Final
158;76;457;59;30.06.2017;Final
159;104;86;93;21.04.2023;Final
160;40;771;74;02.07.2024;Midterm
161;11;274;87;02.09.2024;Midterm
162;347;576;67;07.07.2019;Quiz
163;255;427;81;02.04.2019;Quiz
164;146;109;52;06.05.2022;Project
165;247;185;85;11.08.2022;Final
166;124;140;64;08.05.2023;Project
167;203;194;68;19.01.2021;Quiz
168;32;722;61;15.05.2022;Final
169;190;615;59;30.06.2017;Final
170;128;635;72;25.11.2017;Midterm
171;260;527;96;12.01.2017;Quiz
172;340;710;52;20.09.2018;Quiz
173;208;655;79;04.01.2019;Project
174;237;623;63;21.11.2017;Final
175;323;243;71;09.01.2023;Midterm
176;349;471;66;24.09.2022;Quiz
177;116;268;62;28.05.2022;Final
178;157;706;69;06.06.2019;Project
179;143;215;70;09.02.2021;Midterm
180;164;172;50;14.02.2018;Project
181;106;108;69;22.12.2022;Project
182;9;661;63;28.01.2023;Project
183;315;82;78;25.07.2024;Quiz
184;30;33;51;26.10.2024;Final
185;180;91;52;29.03.2021;Midterm
186;335;146;69;13.10.2016;Midterm
187;159;497;58;18.06.2022;Quiz
188;315;453;96;13.12.2021;Final
189;98;690;86;20.10.2022;Project
190;329;179;79;10.01.2019;Project
191;93;344;94;08.09.2017;Final
192;169;436;69;14.12.2021;Quiz
193;259;792;96;14.04.2018;Project
194;40;43;77;27.05.2022;Project
195;162;526;100;25.05.2018;Midterm
196;89;157;57;06.08.2024;Final
197;298;645;66;02.12.2020;Quiz
198;128;799;84;16.03.2017;Project
199;233;317;76;30.12.2024;Final
200;147;116;83;03.11.2023;Midterm
201;38;23;82;23.08.2024;Quiz
202;142;698;100;09.02.2022;Project
203;33;162;75;27.08.2020;Project
204;98;372;63;01.11.2018;Quiz
205;268;372;93;07.03.2023;Project
206;58;214;76;23.03.2018;Quiz
207;239;459;51;24.02.2023;Final
208;124;82;78;21.04.2016;Project
209;235;287;65;10.01.2016;Quiz
210;313;523;50;13.01.2024;Quiz
211;333;51;93;16.02.2023;Project
212;20;609;86;24.05.2023;Final
213;344;111;66;28.02.2024;Project
214;145;641;70;20.10.2021;Final
215;343;104;78;17.05.2024;Midterm
216;343;700;56;20.12.2024;Midterm
217;181;148;66;01.07.2021;Project
218;221;503;69;09.07.2021;Midterm
219;251;499;66;02.03.2021;Project
220;268;488;96;17.09.2024;Project
221;124;610;85;28.12.2024;Project
222;178;613;89;23.12.2021;Midterm
223;197;307;83;16.02.2018;Quiz
224;201;97;78;18.08.2021;Project
225;53;185;91;26.10.2019;Project
226;19;112;100;19.12.2019;Midterm
227;95;609;91;13.01.2022;Final
228;112;7;56;21.09.2018;Quiz
229;8;771;93;16.05.2019;Final
230;246;726;60;25.04.2016;Final
231;217;730;61;29.06.2022;Midterm
232;348;372;85;18.12.2018;Quiz
233;141;131;66;29.08.2020;Project
234;113;238;95;18.10.2018;Quiz
235;135;790;75;21.10.2022;Project
236;268;148;70;22.05.2018;Project
237;269;258;63;07.06.2023;Final
238;28;182;88;18.07.2018;Project
239;255;404;85;08.09.2020;Project
240;251;324;63;08.01.2022;Final
241;337;69;99;10.03.2021;Final
242;2;181;57;09.01.2020;Final
243;202;347;91;20.01.2018;Midterm
244;229;313;52;01.10.2019;Project
245;95;59;88;04.08.2023;Project
246;154;644;78;27.01.2018;Project
247;26;44;59;11.06.2024;Final
248;339;61;62;12.05.2017;Final
249;58;388;60;16.08.2024;Midterm
250;89;128;83;13.01.2021;Quiz
251;17;510;83;16.10.2021;Project
252;266;294;66;08.09.2019;Midterm
253;13;78;64;19.01.2022;Project
254;3;247;77;09.07.2017;Final
255;26;202;53;25.07.2016;Midterm
256;159;654;72;25.07.2017;Midterm
257;346;778;57;23.07.2020;Final
258;329;762;57;22.02.2017;Midterm
259;303;589;57;06.04.2020;Midterm
260;294;192;95;06.05.2019;Quiz
261;143;384;83;11.06.2021;Midterm
262;332;573;51;05.06.2018;Quiz
263;55;681;78;19.06.2022;Quiz
264;38;131;83;23.02.2022;Midterm
265;61;259;69;06.11.2017;Quiz
266;276;223;59;27.07.2021;Quiz
267;209;595;85;01.06.2022;Quiz
268;31;749;66;11.10.2022;Quiz
269;63;504;85;03.04.2018;Project
270;33;195;69;28.08.2023;Project
271;29;46;81;09.09.2024;Final
272;344;202;50;04.04.2018;Final
273;246;264;89;09.09.2018;Quiz
274;237;559;87;11.08.2021;Midterm
275;73;163;75;23.07.2016;Project
276;78;59;85;08.06.2023;Project
277;192;165;62;22.10.2016;Final
278;264;434;63;29.07.2018;Project
279;305;779;54;18.03.2023;Final
280;255;142;98;03.09.2023;Quiz
281;82;251;60;01.01.2022;Quiz
282;60;785;56;15.02.2020;Project
283;221;644;53;01.02.2021;Final
284;182;486;62;19.11.2018;Project
285;46;732;95;05.01.2024;Quiz
286;301;342;97;28.12.2019;Project
287;127;256;84;07.11.2023;Quiz
288;149;73;57;25.12.2021;Final
289;281;383;71;13.04.2016;Quiz
290;318;597;64;08.11.2016;Final
291;16;594;67;17.09.2020;Midterm
292;90;171;89;17.02.2022;Project
293;292;362;83;10.01.2024;Project
294;306;344;81;28.11.2017;Quiz
295;28;733;50;15.01.2021;Quiz
296;234;22;59;12.02.2018;Final
297;336;256;64;11.12.2022;Final
298;248;621;95;30.08.2023;Quiz
299;97;582;84;24.05.2020;Project
300;270;126;85;08.09.2016;Quiz
301;182;713;71;19.02.2023;Midterm
302;316;229;72;20.08.2023;Project
303;263;720;91;23.09.2017;Project
304;150;582;60;22.10.2020;Project
305;258;94;73;04.01.2016;Midterm
306;60;586;68;21.02.2019;Final
307;17;598;63;20.12.2023;Midterm
308;188;658;55;16.10.2024;Midterm
309;222;458;80;08.06.2016;Final
310;100;260;91;20.11.2021;Midterm
311;347;270;62;10.12.2023;Final
312;337;270;98;05.06.2019;Final
313;312;297;51;24.05.2019;Midterm
314;55;342;78;02.02.2016;Quiz
315;128;650;70;13.02.2018;Quiz
316;53;10;78;21.12.2016;Quiz
317;202;501;58;08.07.2017;Final
318;236;51;56;09.10.2018;Midterm
319;39;443;99;10.02.2021;Midterm
320;165;279;100;29.10.2017;Quiz
321;54;195;73;02.06.2022;Quiz
322;102;365;75;01.09.2023;Project
323;352;73;55;10.02.2016;Final
324;274;1;97;17.06.2018;Midterm
325;39;465;63;21.10.2024;Final
326;26;68;91;18.06.2019;Quiz
327;319;418;87;11.08.2023;Final
328;68;128;67;15.04.2018;Project
329;14;311;71;27.07.2024;Final
330;325;634;92;30.03.2024;Quiz
331;62;238;87;23.01.2019;Midterm
332;232;181;78;03.02.2017;Quiz
333;225;454;72;01.06.2018;Final
334;216;589;97;21.11.2022;Project
335;73;257;58;23.03.2024;Final
336;213;218;87;10.06.2016;Project
337;161;461;89;06.07.2024;Quiz
338;190;519;77;14.05.2019;Project
339;256;780;98;12.02.2021;Midterm
340;125;397;54;27.09.2021;Project
341;146;139;89;10.01.2024;Final
342;220;787;71;28.02.2019;Quiz
343;337;655;84;02.08.2022;Midterm
344;265;215;88;06.12.2022;Quiz
345;48;107;50;22.07.2020;Final
346;32;315;90;05.03.2016;Midterm
347;269;779;69;13.06.2022;Final
348;269;593;99;07.11.2021;Quiz
349;157;236;74;21.12.2019;Midterm
350;113;595;54;22.08.2020;Quiz
351;234;159;51;07.07.2021;Quiz
352;179;486;99;03.12.2023;Final
353;23;187;52;05.09.2016;Final
354;172;276;75;11.02.2024;Midterm
355;240;582;58;05.06.2017;Final
356;31;573;62;19.10.2016;Quiz
357;124;43;72;10.01.2018;Midterm
358;36;398;59;05.08.2020;Final
359;263;296;98;02.08.2018;Project
360;172;768;73;04.11.2020;Final
361;47;270;84;17.02.2023;Project
362;123;258;87;06.02.2016;Quiz
363;316;507;56;16.08.2018;Project
364;113;3;94;06.04.2022;Final
365;70;399;97;05.05.2024;Final
366;233;58;93;21.05.2017;Final
367;269;380;78;05.12.2019;Project
368;198;334;69;21.06.2020;Final
369;293;748;95;13.07.2022;Project
370;331;747;90;12.02.2024;Quiz
371;331;439;84;14.11.2018;Project
372;204;254;57;26.02.2021;Quiz
373;55;324;95;27.09.2024;Midterm
374;21;267;82;28.09.2024;Final
375;154;120;74;04.02.2023;Project
376;131;522;62;17.11.2018;Midterm
377;274;35;74;04.06.2023;Final
378;270;162;76;11.04.2024;Midterm
379;156;75;82;14.11.2019;Final
380;261;27;100;30.10.2019;Project
381;294;608;84;23.01.2017;Final
382;37;248;56;21.11.2024;Final
383;241;662;51;21.02.2016;Final
384;130;485;73;20.09.2018;Quiz
385;216;357;56;02.10.2022;Project
386;114;115;61;21.08.2017;Project
387;68;686;85;18.11.2017;Final
388;286;794;71;28.06.2022;Midterm
389;105;64;86;23.02.2016;Quiz
390;226;286;60;30.05.2016;Midterm
391;53;304;92;12.09.2018;Final
392;308;360;98;25.09.2020;Project
393;285;291;96;21.04.2021;Project
394;160;269;99;16.07.2024;Final
395;93;539;97;21.01.2023;Final
396;103;186;59;08.05.2020;Final
397;271;632;65;14.01.2018;Final
398;305;772;65;04.06.2023;Midterm
399;135;613;91;23.01.2019;Midterm
400;144;101;77;31.12.2016;Quiz
401;136;487;61;12.10.2017;Final
402;297;382;99;06.11.2022;Project
403;33;304;53;07.02.2022;Final
404;3;409;64;03.01.2018;Final
405;149;242;61;30.11.2022;Midterm
406;183;434;99;06.01.2018;Final
407;178;229;99;28.12.2017;Project
408;118;20;62;22.06.2016;Final
409;317;93;95;16.09.2022;Quiz
410;169;209;53;08.02.2024;Final
411;2;76;58;15.11.2021;Midterm
412;157;125;97;11.07.2024;Project
413;256;560;84;01.08.2017;Midterm
414;219;520;89;03.05.2018;Project
415;8;695;56;15.05.2023;Quiz
416;89;715;81;07.01.2018;Final
417;229;181;90;16.11.2018;Project
418;280;758;52;10.08.2017;Midterm
419;307;459;60;11.03.2017;Midterm
420;346;252;77;21.08.2016;Project
421;315;45;89;23.01.2021;Midterm
422;337;60;75;10.08.2024;Quiz
423;159;254;73;10.02.2024;Quiz
424;192;663;56;28.09.2022;Quiz
425;176;343;94;18.08.2017;Final
426;303;194;85;21.06.2023;Midterm
427;240;720;69;11.03.2023;Project
428;47;686;77;28.02.2020;Final
429;176;438;96;31.03.2018;Project
430;35;486;95;16.06.2022;Midterm
431;243;301;95;07.07.2024;Project
432;10;501;74;10.10.2016;Project
433;160;620;69;14.10.2018;Project
434;134;615;77;15.06.2018;Project
435;142;112;63;02.10.2016;Project
436;145;71;60;08.07.2021;Quiz
437;133;510;95;20.02.2021;Project
438;95;790;61;19.08.2018;Quiz
439;215;136;86;03.10.2021;Project
440;327;5;81;06.03.2016;Quiz
441;305;297;100;29.12.2020;Midterm
442;75;224;65;15.02.2019;Final
443;345;428;90;24.09.2016;Midterm
444;273;272;92;03.02.2024;Midterm
445;137;273;86;20.07.2020;Project
446;18;650;66;17.04.2021;Quiz
447;184;232;91;26.06.2023;Midterm
448;241;688;73;28.11.2019;Project
449;165;800;52;09.07.2017;Final
450;184;583;96;04.11.2023;Final
451;99;54;91;30.03.2018;Final
452;269;231;65;29.09.2024;Final
453;177;300;96;06.05.2016;Quiz
454;88;586;52;31.03.2024;Midterm
455;131;735;94;29.04.2024;Midterm
456;125;727;88;09.09.2023;Project
457;211;118;85;28.04.2019;Final
458;15;57;87;08.05.2017;Final
459;213;327;99;12.07.2020;Final
460;204;35;87;01.07.2024;Project
461;207;661;51;04.12.2017;Quiz
462;17;190;68;26.11.2016;Midterm
463;200;8;53;26.07.2019;Quiz
464;306;483;59;25.01.2019;Quiz
465;211;615;51;20.09.2024;Midterm
466;18;166;77;05.12.2021;Final
467;240;492;66;31.08.2019;Quiz
468;281;654;83;22.09.2017;Quiz
469;252;687;69;09.07.2017;Project
470;267;175;90;07.01.2019;Midterm
471;285;4;73;18.09.2016;Quiz
472;37;121;57;06.05.2019;Midterm
473;185;71;78;27.10.2021;Final
474;106;188;68;01.11.2022;Final
475;272;109;71;14.09.2019;Quiz
476;337;542;56;06.10.2024;Midterm
477;182;191;95;16.04.2023;Quiz
478;74;252;79;26.05.2022;Quiz
479;52;362;63;25.11.2020;Midterm
480;271;153;71;29.07.2016;Midterm
481;324;270;69;28.09.2024;Final
482;104;591;70;29.04.2018;Project
483;231;720;75;09.10.2023;Project
484;187;466;54;24.12.2016;Project
485;295;632;74;07.09.2016;Quiz
486;107;215;69;02.09.2021;Midterm
487;245;626;98;29.03.2024;Final
488;141;141;61;29.10.2016;Quiz
489;118;634;89;28.11.2022;Midterm
490;177;415;70;07.04.2022;Quiz
491;340;708;52;30.11.2020;Final
492;323;199;67;02.06.2016;Final
493;278;456;63;01.02.2020;Quiz
494;37;72;91;12.12.2024;Quiz
495;245;726;92;26.04.2023;Final
496;299;594;93;27.05.2024;Final
497;230;485;66;06.07.2018;Project
498;179;722;70;19.04.2017;Project
499;293;73;67;18.03.2020;Project
500;225;430;96;13.10.2018;Project
501;225;733;81;11.03.2018;Quiz
502;220;196;58;24.10.2017;Final
503;150;188;79;15.12.2018;Midterm
504;148;86;93;15.06.2021;Quiz
505;284;63;94;16.05.2016;Project
506;62;179;72;27.04.2022;Midterm
507;346;662;74;02.02.2020;Project
508;300;211;65;13.02.2021;Quiz
509;154;223;60;17.05.2019;Final
510;46;678;78;25.06.2022;Midterm
511;78;740;94;12.05.2019;Midterm
512;290;33;57;22.08.2016;Midterm
513;335;135;52;14.04.2019;Quiz
514;111;631;59;03.03.2018;Project
515;221;727;94;18.03.2021;Quiz
516;168;636;88;15.04.2016;Quiz
517;225;43;61;14.01.2024;Project
518;110;114;76;24.12.2022;Final
519;333;323;89;22.11.2020;Project
520;175;16;62;16.01.2022;Project
521;188;689;94;10.11.2019;Final
522;97;345;88;16.07.2020;Midterm
523;158;130;76;11.11.2024;Midterm
524;341;161;58;19.08.2024;Project
525;58;227;100;25.09.2020;Midterm
526;351;502;83;16.07.2016;Quiz
527;311;226;100;10.06.2019;Final
528;152;91;57;12.09.2019;Quiz
529;37;5;100;08.09.2020;Project
530;97;324;63;27.10.2021;Project
531;146;37;64;21.10.2023;Midterm
532;60;792;93;20.04.2024;Quiz
533;69;781;79;20.01.2022;Final
534;341;740;53;14.05.2024;Final
535;117;465;64;19.10.2022;Final
536;148;407;81;04.02.2023;Quiz
537;325;626;70;09.05.2020;Quiz
538;322;604;77;28.02.2024;Project
539;230;748;66;02.02.2022;Midterm
540;105;429;51;21.10.2016;Midterm
541;4;728;86;02.12.2019;Quiz
542;21;24;86;19.05.2020;Quiz
543;246;270;80;18.02.2018;Project
544;271;335;75;31.05.2020;Final
545;49;193;69;11.02.2023;Final
546;121;564;95;25.04.2024;Quiz
547;308;316;97;29.09.2020;Project
548;115;782;78;12.05.2021;Project
549;14;333;92;17.08.2021;Midterm
550;329;647;69;10.09.2022;Final
551;170;670;89;04.11.2022;Project
552;263;327;70;04.12.2022;Midterm
553;132;660;69;18.04.2016;Midterm
554;105;277;94;24.02.2016;Final
555;161;102;95;08.03.2020;Project
556;181;685;71;07.03.2020;Quiz
557;163;25;64;07.06.2023;Final
558;194;457;65;03.06.2019;Project
559;219;471;90;08.04.2020;Final
560;242;142;55;11.05.2016;Quiz
561;170;150;82;07.03.2017;Midterm
562;243;521;76;04.02.2016;Final
563;315;492;59;10.12.2017;Quiz
564;225;668;71;04.03.2017;Final
565;300;156;55;15.12.2024;Midterm
566;4;77;76;19.09.2016;Midterm
567;57;322;80;30.04.2019;Project
568;274;7;96;16.10.2021;Final
569;6;429;82;15.10.2016;Project
570;129;479;92;18.05.2019;Midterm
571;85;725;99;09.05.2020;Project
572;63;395;61;07.08.2020;Final
573;210;396;63;01.10.2018;Final
574;228;714;61;23.12.2018;Final
575;183;405;96;16.10.2022;Midterm
576;333;30;66;26.02.2017;Midterm
577;344;281;77;25.08.2021;Midterm
578;32;636;67;28.04.2018;Project
579;38;212;82;22.01.2017;Quiz
580;207;520;80;11.01.2023;Project
581;289;643;78;01.03.2020;Project
582;70;310;93;29.01.2016;Project
583;8;232;58;14.02.2022;Final
584;32;67;70;20.05.2016;Final
585;113;188;84;27.04.2018;Midterm
586;253;597;55;02.08.2016;Project
587;279;764;68;12.03.2024;Midterm
588;316;73;72;14.02.2018;Project
589;201;166;64;08.10.2021;Quiz
590;31;505;95;13.10.2018;Final
591;57;613;73;05.09.2017;Midterm
592;137;17;72;01.03.2018;Project
593;167;35;50;08.06.2017;Project
594;126;398;62;20.10.2017;Quiz
595;119;220;62;28.07.2018;Midterm
596;14;607;52;10.02.2016;Project
597;177;299;55;09.10.2024;Midterm
598;2;690;87;12.02.2020;Project
599;14;503;81;09.03.2024;Project
600;178;149;89;26.05.2022;Project
601;151;59;94;29.08.2023;Final
602;227;31;96;21.04.2017;Quiz
603;222;128;65;13.08.2017;Project
604;1;401;81;23.03.2023;Final
605;272;545;60;07.04.2021;Final
606;123;142;72;22.12.2017;Midterm
607;187;431;68;30.01.2020;Project
608;308;396;82;13.02.2020;Quiz
609;76;785;95;04.01.2018;Quiz
610;102;447;62;07.03.2017;Midterm
611;276;651;79;19.05.2016;Quiz
612;284;208;60;23.04.2017;Project
613;275;18;58;04.05.2020;Quiz
614;244;411;77;22.10.2016;Final
615;276;334;60;27.11.2018;Midterm
616;290;351;81;27.05.2023;Final
617;341;168;67;01.05.2024;Final
618;63;656;59;14.01.2017;Midterm
619;209;84;90;08.02.2016;Final
620;345;145;91;19.05.2017;Final
621;254;484;57;03.08.2019;Midterm
622;171;198;93;22.01.2018;Project
623;39;465;62;15.09.2016;Quiz
624;100;25;61;16.12.2024;Project
625;229;478;97;17.09.2023;Quiz
626;206;623;80;24.01.2019;Final
627;266;150;93;19.10.2024;Quiz
628;192;479;86;17.05.2020;Midterm
629;290;741;59;15.10.2021;Quiz
630;36;303;80;20.04.2018;Project
631;315;748;54;02.01.2024;Final
632;191;556;83;19.12.2023;Project
633;167;254;53;11.07.2023;Midterm
634;313;215;76;19.02.2023;Project
635;65;42;69;11.06.2023;Quiz
636;36;316;71;02.05.2023;Final
637;265;435;66;24.10.2019;Midterm
638;54;219;92;15.07.2017;Project
639;280;730;83;25.08.2016;Project
640;29;568;53;27.12.2018;Quiz
641;250;716;71;01.02.2024;Quiz
642;211;416;98;19.10.2018;Midterm
643;152;170;60;10.10.2018;Midterm
644;266;319;94;08.02.2020;Final
645;86;378;71;02.06.2021;Project
646;26;533;97;13.07.2016;Midterm
647;259;124;72;08.05.2020;Midterm
648;239;616;73;23.08.2017;Final
649;273;249;92;10.02.2017;Midterm
650;108;544;64;18.09.2024;Quiz
651;92;23;69;22.10.2022;Midterm
652;158;638;89;29.12.2024;Project
653;186;296;82;05.08.2016;Midterm
654;124;208;56;01.07.2021;Midterm
655;90;108;58;30.05.2020;Quiz
656;42;57;99;12.03.2024;Final
657;82;122;90;27.05.2020;Project
658;19;204;79;09.07.2024;Final
659;84;252;53;02.01.2019;Final
660;352;386;58;25.05.2017;Project
661;329;395;72;21.02.2024;Quiz
662;7;669;61;06.03.2020;Final
663;95;359;95;30.01.2020;Midterm
664;71;555;94;02.09.2017;Project
665;102;719;84;12.09.2021;Final
666;289;75;52;04.11.2021;Midterm
667;315;325;95;07.07.2024;Final
668;95;505;62;21.06.2018;Project
669;346;644;100;27.04.2018;Final
670;152;467;63;28.12.2019;Quiz
671;191;283;69;08.11.2019;Project
672;71;433;80;15.05.2018;Quiz
673;311;783;97;03.06.2018;Final
674;335;260;60;02.09.2023;Quiz
675;30;159;91;15.11.2016;Project
676;269;196;60;03.11.2021;Final
677;269;787;91;28.05.2024;Project
678;6;186;98;31.12.2023;Midterm
679;146;97;89;16.01.2017;Quiz
680;209;202;78;21.11.2023;Project
681;337;635;76;17.03.2019;Project
682;77;148;61;23.12.2023;Final
683;137;698;69;14.06.2024;Project
684;187;444;75;26.02.2022;Midterm
685;64;333;74;16.03.2023;Quiz
686;232;362;91;29.01.2016;Quiz
687;293;479;74;06.12.2018;Final
688;270;149;85;03.02.2020;Midterm
689;165;29;57;19.04.2021;Midterm
690;294;490;75;28.01.2022;Project
691;134;437;95;24.08.2023;Midterm
692;146;556;88;22.12.2018;Midterm
693;338;347;60;18.08.2016;Midterm
694;90;52;80;13.04.2020;Final
695;351;57;86;28.02.2021;Midterm
696;272;565;64;20.05.2020;Final
697;294;66;94;17.07.2023;Quiz
698;271;372;86;31.03.2020;Final
699;111;264;100;12.06.2020;Quiz
700;166;41;62;06.03.2017;Midterm
701;36;701;74;27.11.2021;Quiz
702;179;694;75;06.06.2020;Project
703;342;511;78;15.06.2020;Midterm
704;278;36;93;04.02.2017;Midterm
705;256;678;74;22.12.2020;Project
706;214;358;69;09.12.2016;Quiz
707;212;141;71;23.03.2020;Final
708;248;327;62;30.03.2016;Quiz
709;171;694;71;12.10.2018;Quiz
710;145;543;86;03.04.2020;Project
711;255;65;90;04.07.2024;Project
712;103;752;63;07.06.2016;Project
713;217;476;84;07.09.2023;Quiz
714;166;502;86;11.04.2021;Project
715;206;203;78;25.12.2016;Quiz
716;250;13;80;21.10.2019;Midterm
717;266;707;88;18.11.2024;Quiz
718;230;561;75;22.02.2017;Project
719;229;253;84;06.11.2017;Quiz
720;268;484;72;30.11.2020;Final
721;47;356;95;12.10.2024;Quiz
722;167;622;86;19.05.2020;Project
723;277;567;62;24.09.2022;Midterm
724;7;49;89;21.03.2022;Final
725;154;753;88;24.09.2024;Quiz
726;97;430;50;13.12.2016;Midterm
727;337;298;70;26.05.2018;Final
728;313;643;54;06.12.2020;Final
729;108;30;61;21.03.2023;Project
730;20;19;98;22.03.2023;Quiz
731;326;528;68;28.12.2023;Midterm
732;276;314;78;08.06.2020;Project
733;116;769;67;31.12.2019;Final
734;45;734;54;20.12.2017;Quiz
735;319;578;58;01.06.2016;Project
736;284;665;63;05.07.2024;Midterm
737;283;83;54;01.05.2020;Final
738;257;462;84;31.03.2020;Midterm
739;149;601;84;02.02.2020;Project
740;166;154;78;23.12.2024;Quiz
741;85;95;100;01.08.2020;Final
742;167;127;78;09.11.2016;Project
743;305;796;91;01.11.2017;Quiz
744;207;81;88;31.05.2021;Quiz
745;292;278;78;15.01.2021;Final
746;7;197;78;06.05.2018;Final
747;64;644;80;27.04.2021;Midterm
748;294;259;99;30.06.2020;Project
749;81;624;85;03.12.2022;Midterm
750;34;154;69;13.01.2016;Quiz
751;283;232;57;24.08.2019;Final
752;323;384;58;21.10.2020;Midterm
753;179;500;89;04.10.2021;Project
754;351;792;54;18.01.2023;Project
755;212;685;78;29.07.2016;Final
756;307;191;72;24.11.2023;Project
757;339;175;67;23.05.2024;Quiz
758;184;131;58;08.12.2020;Project
759;202;570;53;22.10.2021;Project
760;50;383;56;09.12.2018;Quiz
761;222;759;98;24.05.2020;Project
762;229;564;81;01.01.2021;Midterm
763;94;117;99;02.11.2016;Quiz
764;4;79;71;17.01.2023;Final
765;275;391;63;22.10.2018;Project
766;175;318;57;21.02.2024;Final
767;167;18;91;04.08.2022;Midterm
768;122;634;59;13.12.2023;Midterm
769;146;12;93;19.10.2020;Project
770;274;390;78;20.03.2023;Midterm
771;39;767;65;10.01.2022;Quiz
772;58;52;54;27.02.2020;Quiz
773;46;314;64;01.11.2016;Project
774;319;432;61;15.03.2024;Final
775;299;709;62;01.05.2023;Project
776;290;362;82;22.06.2022;Midterm
777;168;391;68;15.05.2018;Quiz
778;53;612;54;05.10.2021;Project
779;19;10;66;03.06.2020;Project
780;20;30;99;01.10.2018;Project
781;191;590;85;12.06.2020;Quiz
782;35;641;64;17.06.2018;Project
783;147;577;89;24.04.2019;Quiz
784;136;769;78;24.03.2017;Quiz
785;220;395;71;03.02.2024;Final
786;63;793;89;25.07.2017;Project
787;281;387;54;27.03.2022;Project
788;112;184;90;06.04.2022;Final
789;107;493;61;19.07.2024;Quiz
790;116;19;99;02.03.2017;Quiz
791;115;613;52;23.02.2016;Midterm
792;243;508;97;26.03.2022;Quiz
793;342;787;54;05.10.2020;Final
794;302;488;56;09.12.2021;Quiz
795;155;192;58;24.03.2019;Final
796;96;462;52;10.05.2024;Final
797;37;39;55;09.10.2020;Project
798;347;110;63;19.07.2020;Midterm
799;252;501;51;07.01.2023;Project
800;274;487;97;12.02.2017;Final
801;84;160;85;01.03.2019;Quiz
802;277;234;58;24.05.2021;Quiz
803;301;564;83;15.10.2017;Quiz
804;323;563;92;17.09.2016;Final
805;137;626;97;26.02.2021;Project
806;81;458;85;14.01.2020;Midterm
807;235;765;55;20.06.2024;Quiz
808;311;324;81;12.06.2021;Midterm
809;102;780;59;28.10.2022;Project
810;98;149;52;23.04.2019;Project
811;129;451;53;12.04.2016;Final
812;133;437;93;19.01.2024;Midterm
813;306;92;73;30.06.2021;Quiz
814;45;753;77;25.02.2022;Final
815;214;751;65;05.09.2024;Midterm
816;6;782;92;22.05.2022;Project
817;228;328;68;05.04.2021;Final
818;240;295;77;26.09.2022;Final
819;127;641;96;04.08.2016;Project
820;3;666;81;17.06.2023;Final
821;38;496;98;21.05.2024;Final
822;23;268;85;12.06.2018;Final
823;282;326;97;06.03.2017;Quiz
824;86;508;68;13.06.2022;Final
825;268;754;56;29.09.2022;Quiz
826;345;666;90;29.07.2021;Midterm
827;270;84;97;11.03.2023;Final
828;305;725;72;31.01.2017;Midterm
829;99;268;53;27.08.2020;Midterm
830;78;150;78;16.07.2023;Midterm
831;195;67;95;28.07.2021;Project
832;259;383;66;07.07.2022;Midterm
833;80;234;78;06.08.2023;Project
834;324;367;94;06.08.2016;Project
835;232;205;61;18.01.2021;Quiz
836;139;483;91;21.10.2019;Quiz
837;324;378;75;04.09.2023;Final
838;71;557;63;11.08.2020;Project
839;79;93;70;22.02.2021;Project
840;271;199;85;05.07.2016;Midterm
841;12;343;85;07.01.2024;Project
842;85;721;60;05.01.2016;Midterm
843;237;81;65;16.07.2019;Quiz
844;81;544;52;09.02.2023;Midterm
845;161;436;66;13.12.2020;Final
846;251;442;95;02.09.2019;Final
847;192;279;77;05.09.2023;Final
848;281;710;71;07.11.2020;Final
849;106;755;71;29.12.2017;Project
850;352;156;61;18.12.2020;Project
851;104;304;61;01.02.2019;Midterm
852;242;419;57;09.05.2023;Final
853;229;445;63;02.03.2016;Midterm
854;308;437;67;02.04.2018;Midterm
855;313;392;91;07.06.2017;Project
856;20;381;84;24.06.2017;Project
857;171;511;95;07.12.2017;Project
858;34;300;94;04.05.2021;Final
859;173;312;72;20.07.2018;Project
860;222;768;66;24.06.2017;Project
861;307;725;88;15.09.2022;Final
862;246;74;71;21.11.2019;Project
863;42;274;55;22.10.2023;Project
864;235;278;67;13.08.2019;Midterm
865;307;119;70;31.07.2024;Quiz
866;229;766;72;20.04.2019;Quiz
867;165;758;60;14.02.2023;Project
868;89;506;63;18.06.2024;Project
869;317;717;98;14.03.2022;Midterm
870;230;476;97;25.02.2020;Final
871;211;582;51;18.02.2016;Final
872;299;420;100;09.10.2022;Final
873;79;657;83;18.06.2016;Midterm
874;172;497;79;16.03.2022;Quiz
875;188;429;56;29.05.2022;Final
876;21;476;75;08.12.2019;Quiz
877;114;716;79;01.04.2019;Final
878;130;358;80;15.11.2022;Midterm
879;56;338;69;06.04.2017;Final
880;231;146;72;21.06.2024;Project
881;268;14;77;07.11.2017;Midterm
882;206;752;76;13.05.2017;Final
883;160;496;89;21.06.2020;Final
884;125;319;50;26.10.2023;Midterm
885;335;715;86;07.10.2022;Project
886;130;211;57;27.11.2018;Quiz
887;83;93;56;20.03.2021;Project
888;330;323;98;06.03.2019;Quiz
889;94;258;81;27.01.2020;Project
890;333;491;80;29.10.2023;Quiz
891;103;517;90;29.05.2023;Project
892;167;362;50;27.05.2024;Project
893;218;407;95;16.02.2022;Project
894;86;129;83;17.04.2023;Project
895;58;764;93;14.10.2016;Midterm
896;281;341;98;20.01.2019;Project
897;211;631;98;22.09.2018;Final
898;208;102;96;17.11.2020;Project
899;172;776;52;08.09.2024;Quiz
900;202;668;61;11.04.2018;Project
901;74;35;65;17.01.2022;Project
902;254;532;66;02.11.2018;Midterm
903;263;405;53;12.05.2018;Project
904;26;83;88;15.05.2016;Final
905;38;599;64;09.09.2017;Midterm
906;29;440;56;10.11.2016;Project
907;156;748;73;04.12.2023;Quiz
908;118;272;62;28.09.2023;Midterm
909;5;191;74;03.12.2022;Project
910;37;369;63;16.11.2024;Midterm
911;332;720;52;12.06.2020;Quiz
912;185;366;57;09.06.2018;Final
913;280;643;88;12.02.2020;Quiz
914;280;162;94;21.03.2022;Project
915;323;376;90;27.03.2022;Midterm
916;57;82;89;09.04.2020;Final
917;85;378;80;13.09.2024;Final
918;275;520;98;09.09.2016;Project
919;94;287;98;15.02.2018;Midterm
920;43;281;66;17.04.2020;Final
921;323;230;63;22.05.2017;Project
922;272;527;84;01.02.2020;Quiz
923;227;338;68;27.06.2024;Quiz
924;81;404;61;29.07.2018;Project
925;100;637;96;13.01.2024;Quiz
926;341;628;72;23.12.2016;Project
927;94;220;55;25.07.2019;Quiz
928;316;550;78;29.06.2019;Midterm
929;207;678;86;11.05.2017;Midterm
930;73;684;76;26.09.2019;Midterm
931;245;58;61;24.01.2020;Final
932;338;662;51;08.11.2019;Midterm
933;338;772;95;30.12.2018;Project
934;301;668;58;29.02.2016;Quiz
935;330;549;75;10.11.2016;Midterm
936;204;25;68;05.03.2018;Final
937;242;444;95;15.06.2016;Midterm
938;22;180;74;18.11.2017;Project
939;46;210;87;02.02.2021;Final
940;159;329;76;12.07.2019;Quiz
941;248;358;78;01.04.2020;Final
942;83;527;79;09.02.2020;Final
943;157;740;84;22.04.2024;Final
944;116;471;59;13.07.2017;Final
945;48;763;71;21.08.2022;Midterm
946;44;553;77;08.05.2021;Quiz
947;230;243;60;06.10.2024;Final
948;62;444;94;18.07.2020;Midterm
949;180;528;99;05.02.2024;Final
950;146;461;69;09.10.2024;Project
951;99;722;78;15.12.2024;Midterm
952;4;512;63;02.02.2020;Midterm
953;186;200;53;15.12.2021;Project
954;275;690;76;27.07.2019;Project
955;22;102;56;19.05.2022;Quiz
956;218;110;74;24.11.2021;Quiz
957;21;256;51;25.04.2023;Final
958;58;100;73;14.07.2016;Midterm
959;113;500;96;23.06.2023;Quiz
960;65;668;84;25.12.2021;Final
961;308;705;50;16.01.2016;Final
962;254;760;61;22.11.2020;Project
963;307;182;69;03.12.2019;Midterm
964;193;471;67;26.04.2017;Final
965;89;458;76;29.08.2019;Project
966;142;510;64;28.08.2016;Final
967;283;266;89;22.09.2016;Final
968;242;289;86;31.05.2022;Midterm
969;132;781;97;03.04.2023;Midterm
970;301;152;88;11.08.2024;Final
971;141;544;51;08.11.2021;Project
972;326;360;72;06.02.2021;Project
973;320;425;57;18.10.2017;Project
974;92;716;99;03.07.2024;Midterm
975;59;373;93;08.12.2018;Quiz
976;202;707;95;29.10.2021;Final
977;126;556;81;04.04.2023;Quiz
978;247;312;71;20.11.2016;Midterm
979;319;786;95;18.04.2016;Midterm
980;46;359;81;27.10.2018;Midterm
981;64;520;58;09.02.2021;Final
982;255;285;93;22.11.2021;Midterm
983;331;395;50;31.08.2016;Project
984;165;709;90;13.03.2022;Midterm
985;150;574;95;30.08.2018;Project
986;276;620;95;24.06.2024;Midterm
987;340;239;50;27.09.2018;Final
988;309;154;76;28.06.2020;Final
989;351;152;82;07.09.2019;Midterm
990;56;684;63;01.08.2021;Final
991;188;731;58;18.08.2022;Project
992;46;374;93;24.06.2017;Quiz
993;193;732;85;19.04.2021;Quiz
994;180;700;62;21.05.2017;Final
995;26;656;65;24.05.2024;Project
996;328;138;66;12.09.2023;Quiz
997;206;635;50;25.12.2021;Midterm
998;346;247;93;19.04.2017;Final
999;177;729;96;08.04.2018;Project
1000;215;485;97;18.03.2021;Project
